Name,CMC,Type,Color,Set,Collector Number,Rarity,Color Category,Status,Finish,Maybeboard,Image URL,Image Back URL,Tags,Notes,MTGO ID
"Dauntless Bodyguard",1,"Creature - Human Knight",W,"dom","14",uncommon,w,Owned,Non-foil,false,,,"","",67493,
"Giver of Runes",1,"Creature - Kor Cleric",W,"mh1","13",rare,w,Owned,Non-foil,false,,,"","",72398,
"Isamaru, Hound of Konda",1,"Legendary Creature - Dog",W,"fmb1","7",rare,w,Owned,Non-foil,false,,,"","",,
"Kytheon, Hero of Akros",1,"Legendary Creature - Human Soldier ",W,"ori","23",mythic,w,Owned,Non-foil,false,,,"","",57876,
"Mardu Woe-Reaper",1,"Creature - Human Warrior",W,"frf","18",uncommon,w,Owned,Non-foil,false,,,"","",55568,
"Mother of Runes",1,"Creature - Human Cleric",W,"ddo","20",uncommon,w,Owned,Non-foil,false,,,"New","",,
"Soldier of the Pantheon",1,"Creature - Human Soldier",W,"ths","32",rare,w,Owned,Non-foil,false,,,"Foil","",50608,
"Student of Warfare",1,"Creature - Human Knight",W,"roe","47",rare,w,Owned,Non-foil,false,,,"","",36586,
"Venerable Knight",1,"Creature - Human Knight",W,"eld","35",uncommon,w,Owned,Non-foil,false,,,"","",78170,
"Accorder Paladin",2,"Creature - Human Knight",W,"mbs","1",uncommon,w,Owned,Non-foil,false,,,"","",39297,
"Adanto Vanguard",2,"Creature - Vampire Soldier",W,"xln","1",uncommon,w,Owned,Non-foil,false,,,"","",65012,
"Charming Prince",2,"Creature - Human Noble",W,"eld","8",rare,w,Owned,Non-foil,false,,,"New","",78104,
"Containment Priest",2,"Creature - Human Cleric",W,"c14","5",rare,w,Owned,Non-foil,false,,,"","",55177,
"Imposing Sovereign",2,"Creature - Human",W,"m14","22",rare,w,Owned,Non-foil,false,,,"","",49575,
"Luminarch Aspirant",2,"Creature - Human Cleric",W,"znr","24",rare,w,Owned,Foil,false,,,"Foil","",82987,
"Selfless Spirit",2,"Creature - Spirit Cleric",W,"emn","40",rare,w,Owned,Non-foil,false,,,"","",61102,
"Stoneforge Mystic",2,"Creature - Kor Artificer",W,"pgpx","2016",rare,w,Premium Owned,Foil,false,,,"Foil, Promo","",,
"Thalia, Guardian of Thraben",2,"Legendary Creature - Human Soldier",W,"dka","24",rare,w,Owned,Non-foil,false,,,"","",43469,
"Wall of Omens",2,"Creature - Wall",W,"cmd","37",uncommon,w,Owned,Non-foil,false,,,"","",40595,
"Blade Splicer",3,"Creature - Human Artificer",W,"nph","4",rare,w,Owned,Non-foil,false,,,"","",39996,
"Brimaz, King of Oreskos",3,"Legendary Creature - Cat Soldier",W,"bng","5",mythic,w,Owned,Non-foil,false,,,"","",51739,
"Fiend Hunter",3,"Creature - Human Cleric",W,"isd","15",uncommon,w,Owned,Non-foil,false,,,"","",42368,
"Flickerwisp",3,"Creature - Elemental",W,"eve","6",uncommon,w,Owned,Non-foil,false,,,"","",29970,
"Heliod, Sun-Crowned",3,"Legendary Enchantment Creature - God",W,"thb","259",mythic,w,Owned,Non-foil,false,,,"","",,
"Mirran Crusader",3,"Creature - Human Knight",W,"mbs","14",rare,w,Owned,Non-foil,false,,,"","",39453,
"Mirror Entity",3,"Creature - Shapeshifter",W,"lrw","31",rare,w,Premium Owned,Foil,false,,,"Foil","",28497,
"Monastery Mentor",3,"Creature - Human Monk",W,"frf","20",mythic,w,Premium Owned,Foil,false,,,"Foil","",55410,
"Recruiter of the Guard",3,"Creature - Human Soldier",W,"cn2","22",rare,w,Owned,Non-foil,false,,,"","",,
"Skyclave Apparition",3,"Creature - Kor Spirit",W,"znr","39",rare,w,Owned,Foil,false,,,"Foil","",83023,
"Thalia, Heretic Cathar",3,"Legendary Creature - Human Soldier",W,"emn","46",rare,w,Owned,Non-foil,false,,,"","",61308,
"Hero of Bladehold",4,"Creature - Human Knight",W,"mbs","8",mythic,w,Owned,Non-foil,false,,,"","",39539,
"Luminous Broodmoth",4,"Creature - Insect",W,"iko","21",mythic,w,Owned,Non-foil,false,,,"","",80051,
"Palace Jailer",4,"Creature - Human Soldier",W,"cn2","18",uncommon,w,Owned,Non-foil,false,,,"","",,
"Restoration Angel",4,"Creature - Angel",W,"avr","32",rare,w,Owned,Non-foil,false,,,"","",44009,
"Angel of Invention",5,"Creature - Angel",W,"kld","4",mythic,w,Owned,Non-foil,false,,,"","",61887,
"Archangel Avacyn",5,"Legendary Creature - Angel ",W,"soi","5",mythic,m,Owned,Non-foil,false,,,"","",59766,
"Baneslayer Angel",5,"Creature - Angel",W,"m10","4",mythic,w,Owned,Non-foil,false,,,"","",33075,
"Karmic Guide",5,"Creature - Angel Spirit",W,"c13","14",rare,w,Owned,Non-foil,false,,,"","",51188,
"Reveillark",5,"Creature - Elemental",W,"mor","22",rare,w,Owned,Non-foil,false,,,"","",29048,
"Thalia's Lancers",5,"Creature - Human Knight",W,"emn","47",rare,w,Owned,Non-foil,false,,,"","",61310,
"Sun Titan",6,"Creature - Giant",W,"ddl","1",mythic,w,Premium Owned,Foil,false,,,"Foil, Promo","",49983,
"Elesh Norn, Grand Cenobite",7,"Legendary Creature - Praetor",W,"nph","9",mythic,w,Owned,Non-foil,false,,,"","",39712,
"Gideon Blackblade",3,"Legendary Planeswalker - Gideon",W,"war","13",mythic,w,Ordered,Non-foil,false,,,"","",71632,
"Elspeth, Knight-Errant",4,"Legendary Planeswalker - Elspeth",W,"ala","9",mythic,w,Owned,Non-foil,false,,,"","",30927,
"Gideon, Ally of Zendikar",4,"Legendary Planeswalker - Gideon",W,"bfz","29",mythic,w,Owned,Non-foil,false,,,"","",58317,
"Gideon Jura",5,"Legendary Planeswalker - Gideon",W,"m12","16",mythic,w,Owned,Non-foil,false,,,"","",41273,
"Elspeth, Sun's Champion",6,"Legendary Planeswalker - Elspeth",W,"ddo","1",mythic,w,Premium Owned,Foil,false,,,"Foil, Promo","",,
"Enlightened Tutor",1,"Instant",W,"ema","9",rare,w,Owned,Non-foil,false,,,"","",60889,
"Ephemerate",1,"Instant",W,"mh1","7",common,w,Owned,Non-foil,false,,,"New","",72386,
"Mana Tithe",1,"Instant",W,"plc","25",common,w,Owned,Non-foil,false,,,"","",26511,
"Path to Exile",1,"Instant",W,"f15","7",rare,w,Premium Owned,Foil,false,,,"Foil, Promo","",,
"Swords to Plowshares",1,"Instant",W,"ddf","22",uncommon,w,Owned,Non-foil,false,,,"","",37702,
"Nature's Chant",2,"Instant",W,"mh1","210",common,m,Owned,Non-foil,false,,,"New","",72792,
"Balance",2,"Sorcery",W,"4ed","6",rare,w,Owned,Non-foil,false,,,"WhiteBorder","",,
"Council's Judgment",3,"Sorcery",W,"cns","16",rare,w,Owned,Non-foil,false,,,"","",,
"Armageddon",4,"Sorcery",W,"v14","1",mythic,w,Premium Owned,Foil,false,,,"Foil, Promo","",53935,
"Cataclysm",4,"Sorcery",W,"v14","3",mythic,w,Premium Owned,Foil,false,,,"Foil, Promo","",53939,
"Day of Judgment",4,"Sorcery",W,"m11","12",rare,w,Owned,Non-foil,false,,,"","",37288,
"Ravages of War",4,"Sorcery",W,"j15","4",rare,w,Premium Owned,Foil,false,,,"Foil, Promo","",,
"Wrath of God",4,"Sorcery",W,"v14","15",mythic,w,Premium Owned,Foil,false,,,"Foil, Promo","",53943,
"Fumigate",5,"Sorcery",W,"kld","15",rare,w,Owned,Non-foil,false,,,"","",61631,
"Spectral Procession",6,"Sorcery",W,"ddk","26",uncommon,w,Owned,Non-foil,false,,,"","",48165,
"Emeria's Call",7,"Sorcery",W,"znr","12",mythic,w,Owned,Non-foil,false,,,"","",82959,
"Land Tax",1,"Enchantment",W,"2xm","20",mythic,w,Owned,Non-foil,false,,,"","",82074,
"Journey to Nowhere",2,"Enchantment",W,"ddf","23",common,w,Owned,Non-foil,false,,,"","",37686,
"Banishing Light",3,"Enchantment",W,"jou","5",uncommon,w,Owned,Non-foil,false,,,"","",52214,
"Oblivion Ring",3,"Enchantment",W,"ala","20",common,w,Owned,Non-foil,false,,,"","",30977,
"Faith's Fetters",4,"Enchantment - Aura",W,"rav","16",common,w,Owned,Non-foil,false,,,"","",23020,
"Force of Virtue",4,"Enchantment",W,"mh1","10",rare,w,Owned,Non-foil,false,,,"New","",72392,
"Parallax Wave",4,"Enchantment",W,"nem","17",rare,w,Owned,Non-foil,false,,,"","",13747,
"Elspeth Conquers Death",5,"Enchantment - Saga",W,"thb","13",rare,w,Owned,Non-foil,false,,,"","",79150,
"Enclave Cryptologist",1,"Creature - Merfolk Wizard",U,"roe","66",uncommon,u,Owned,Non-foil,false,,,"","",36660,
"Baral, Chief of Compliance",2,"Legendary Creature - Human Wizard",U,"aer","28",rare,u,Owned,Non-foil,false,,,"","",62653,
"Jace, Vryn's Prodigy",2,"Legendary Creature - Human Wizard ",U,"ori","60",mythic,u,Owned,Non-foil,false,,,"","",57880,
"Looter il-Kor",2,"Creature - Kor Rogue",U,"tsp","66",common,u,Owned,Non-foil,false,,,"","",25851,
"Phantasmal Image",2,"Creature - Illusion",U,"m12","72",rare,u,Owned,Non-foil,false,,,"","",41369,
"Snapcaster Mage",2,"Creature - Human Wizard",U,"isd","78",rare,u,Owned,Non-foil,false,,,"","",42512,
"Thieving Skydiver",2,"Creature - Merfolk Rogue",U,"znr","85",rare,u,Owned,Non-foil,false,,,"","",83127,
"Barrin, Tolarian Archmage",3,"Legendary Creature - Human Wizard",U,"m21","45",rare,u,Owned,Non-foil,false,,,"","",81317,
"Brazen Borrower",3,"Creature - Faerie Rogue",U,"eld","281",mythic,u,Owned,Non-foil,false,,,"promo","",,
"Deceiver Exarch",3,"Creature - Cleric",U,"nph","33",uncommon,u,Owned,Non-foil,false,,,"","",39726,
"Emry, Lurker of the Loch",3,"Legendary Creature - Merfolk Wizard",U,"eld","43",rare,u,Owned,Non-foil,false,,,"New","",78190,
"Man-o'-War",3,"Creature - Jellyfish",U,"ema","59",common,u,Owned,Non-foil,false,,,"","",60545,
"Pestermite",3,"Creature - Faerie Rogue",U,"lrw","78",common,u,Owned,Non-foil,false,,,"","",28241,
"Phyrexian Metamorph",3,"Artifact Creature - Shapeshifter",U,"2xm","341",rare,u,Premium Owned,Foil,false,,,"Foil","",,
"Trinket Mage",3,"Creature - Human Wizard",U,"som","48",uncommon,u,Owned,Non-foil,false,,,"","",38255,
"True-Name Nemesis",3,"Creature - Merfolk Rogue",U,"c13","63",rare,u,Owned,Non-foil,false,,,"","",51356,
"Vendilion Clique",3,"Legendary Creature - Faerie Wizard",U,"mma","70",mythic,u,Owned,Non-foil,false,,,"","",48700,
"Glen Elendra Archmage",4,"Creature - Faerie Wizard",U,"eve","22",rare,u,Owned,Non-foil,false,,,"","",30226,
"Sower of Temptation",4,"Creature - Faerie Wizard",U,"lrw","88",rare,u,Owned,Non-foil,false,,,"","",28767,
"Thassa, Deep-Dwelling",4,"Legendary Enchantment Creature - God",U,"thb","261",mythic,u,Owned,Non-foil,false,,,"","",,
"Venser, Shaper Savant",4,"Legendary Creature - Human Wizard",U,"mm3","55",rare,u,Owned,Non-foil,false,,,"","",63491,
"Whirler Rogue",4,"Creature - Human Rogue Artificer",U,"ori","83",uncommon,u,Owned,Non-foil,false,,,"","",57926,
"Mulldrifter",5,"Creature - Elemental",U,"lrw","76",common,u,Owned,Non-foil,false,,,"","",28245,
"Consecrated Sphinx",6,"Creature - Sphinx",U,"mbs","21",mythic,u,Owned,Non-foil,false,,,"","",39537,
"Frost Titan",6,"Creature - Giant",U,"m11","55",mythic,u,Premium Owned,Foil,false,,,"","",37354,
"Torrential Gearhulk",6,"Artifact Creature - Construct",U,"kld","67",mythic,u,Owned,Non-foil,false,,,"","",61917,
"Inkwell Leviathan",9,"Artifact Creature - Leviathan",U,"ddo","37",rare,u,Owned,Non-foil,false,,,"","",,
"Jace Beleren",3,"Legendary Planeswalker - Jace",U,"lrw","71",rare,u,Owned,Non-foil,false,,,"","",28469,
"Narset, Parter of Veils",3,"Legendary Planeswalker - Narset",U,"war","61",uncommon,u,Owned,Non-foil,false,,,"New","",71728,
"Jace, the Mind Sculptor",4,"Legendary Planeswalker - Jace",U,"wwk","31",mythic,u,Owned,Non-foil,false,,,"","",35591,
"Tezzeret the Seeker",5,"Legendary Planeswalker - Tezzeret",U,"ddf","39",mythic,u,Premium Owned,Foil,false,,,"","",37699,
"Ancestral Recall",1,"Instant",U,"prm","46954",rare,u,Proxied,Non-foil,false,,,"Proxy","",46954,
"Brainstorm",1,"Instant",U,"mmq","61",common,u,Owned,Non-foil,false,,,"","",13157,
"Condescend",1,"Instant",U,"5dn","27",common,u,Owned,Non-foil,false,,,"","",20838,
"Force Spike",1,"Instant",U,"5ed","88",common,u,Owned,Non-foil,false,,,"WhiteBorder","",,
"Mystical Tutor",1,"Instant",U,"mir","80",uncommon,u,Owned,Non-foil,false,,,"","",7163,
"Arcane Denial",2,"Instant",U,"c13","28",common,u,Owned,Non-foil,false,,,"","",51224,
"Brain Freeze",2,"Instant",U,"scg","29",uncommon,u,Owned,Non-foil,false,,,"","",18932,
"Counterspell",2,"Instant",U,"ema","43",common,u,Owned,Non-foil,false,,,"","",60895,
"Mana Drain",2,"Instant",U,"ima","65",mythic,u,Owned,Non-foil,false,,,"","",66009,
"Mana Leak",2,"Instant",U,"m11","62",common,u,Owned,Non-foil,false,,,"","",37324,
"Memory Lapse",2,"Instant",U,"mir","74",common,u,Owned,Non-foil,false,,,"","",7127,
"Miscalculation",2,"Instant",U,"ulg","36",common,u,Owned,Non-foil,false,,,"","",12607,
"Remand",2,"Instant",U,"mm2","55",uncommon,u,Premium Owned,Foil,false,,,"Foil","",57372,
"Frantic Search",3,"Instant",U,"ulg","32",common,u,Owned,Non-foil,false,,,"","",12615,
"Cryptic Command",4,"Instant",U,"mm2","43",rare,u,Owned,Non-foil,false,,,"","",57046,
"Fact or Fiction",4,"Instant",U,"dd2","26",uncommon,u,Owned,Non-foil,false,,,"","",31570,
"Force of Will",5,"Instant",U,"all","28",uncommon,u,Owned,Non-foil,false,,,"","",,
"Gush",5,"Instant",U,"mmq","82",common,u,Owned,Non-foil,false,,,"","",13659,
"Mystic Confluence",5,"Instant",U,"c15","14",rare,u,Owned,Non-foil,false,,,"","",,
"Dig Through Time",8,"Instant",U,"pktk","36s",rare,u,Premium Owned,Foil,false,,,"","",,
"Nexus of Fate",7,"Instant",U,"m19","306",mythic,u,Premium Owned,Foil,false,,,"New","",68145,
"Gitaxian Probe",1,"Sorcery",U,"nph","35",common,u,Owned,Non-foil,false,,,"","",39976,
"Ponder",1,"Sorcery",U,"m12","73",common,u,Owned,Non-foil,false,,,"","",41241,
"Preordain",1,"Sorcery",U,"m11","70",common,u,Owned,Non-foil,false,,,"","",37388,
"Time Walk",2,"Sorcery",U,"ovnt","2011",rare,u,Proxied,Non-foil,false,,,"Proxy","",,
"Crow Storm",3,"Sorcery",U,"ust","31",uncommon,u,Owned,Non-foil,false,,,"","",,
"Show and Tell",3,"Sorcery",U,"usg","96",rare,u,Owned,Non-foil,false,,,"","",12139,
"Timetwister",3,"Sorcery",U,"ovnt","2004",rare,u,Proxied,Non-foil,false,,,"","",,
"Tinker",3,"Sorcery",U,"ulg","45",uncommon,u,Owned,Non-foil,false,,,"","",12623,
"Mind's Desire",6,"Sorcery",U,"scg","41",rare,u,Owned,Non-foil,false,,,"","",18890,
"Time Spiral",6,"Sorcery",U,"usg","103",rare,u,Proxied,Non-foil,false,,,"","",12385,
"Upheaval",6,"Sorcery",U,"v14","13",mythic,u,Premium Owned,Foil,false,,,"Promo","",53927,
"Treasure Cruise",8,"Sorcery",U,"ktk","59",common,u,Owned,Non-foil,false,,,"","",54300,
"Vedalken Shackles",3,"Artifact",U,"5dn","164",rare,c,Owned,Non-foil,false,,,"","",20688,
"Control Magic",4,"Enchantment - Aura",U,"c13","35",uncommon,u,Owned,Non-foil,false,,,"","",51234,
"Opposition",4,"Enchantment",U,"7ed","92",rare,u,Owned,Non-foil,false,,,"WhiteBorder","",15724,
"Treachery",5,"Enchantment - Aura",U,"uds","50",rare,u,Owned,Non-foil,false,,,"","",13039,
"Shark Typhoon",6,"Enchantment",U,"iko","67",rare,u,Owned,Non-foil,false,,,"","",80143,
"Shelldock Isle",0,"Land",U,"lrw","272",rare,Blue,Owned,Non-foil,false,,,"","",28707,
"Tolarian Academy",0,"Legendary Land",U,"usg","330",rare,Blue,Owned,Non-foil,false,,,"","",11931,
"Bloodsoaked Champion",1,"Creature - Human Warrior",B,"ktk","66",rare,b,Owned,Non-foil,false,,,"","",54172,
"Carnophage",1,"Creature - Zombie",B,"exo","53",common,b,Owned,Non-foil,false,,,"","",10655,
"Carrion Feeder",1,"Creature - Zombie",B,"ema","84",common,b,Owned,Non-foil,false,,,"","",60805,
"Diregraf Ghoul",1,"Creature - Zombie",B,"isd","97",uncommon,b,Owned,Non-foil,false,,,"","",42432,
"Dread Wanderer",1,"Creature - Zombie Jackal",B,"akh","88",rare,b,Owned,Non-foil,false,,,"","",63778,
"Gravecrawler",1,"Creature - Zombie",B,"dka","64",rare,b,Owned,Non-foil,false,,,"Signed","",43175,
"Knight of the Ebon Legion",1,"Creature - Vampire Knight",B,"m20","105",rare,b,Owned,Non-foil,false,,,"","",73109,
"Vampire Lacerator",1,"Creature - Vampire Warrior",B,"zen","115",common,b,Owned,Non-foil,false,,,"","",34680,
"Blood Artist",2,"Creature - Vampire",B,"avr","86",uncommon,b,Owned,Non-foil,false,,,"","",44105,
"Bloodghast",2,"Creature - Vampire Spirit",B,"zen","83",rare,b,Owned,Non-foil,false,,,"Signed","",34688,
"Dark Confidant",2,"Creature - Human Wizard",B,"mm2","75",mythic,b,Owned,Non-foil,false,,,"","",57344,
"Oona's Prowler",2,"Creature - Faerie Rogue",B,"lrw","133",rare,b,Owned,Non-foil,false,,,"","",28739,
"Pack Rat",2,"Creature - Rat",B,"rtr","73",rare,b,Owned,Non-foil,false,,,"","",46737,
"Relentless Dead",2,"Creature - Zombie",B,"soi","131",mythic,b,Owned,Non-foil,false,,,"","",60018,
"Skyclave Shade",2,"Creature - Shade",B,"znr","298",rare,b,Owned,Non-foil,false,,,"","",,
"Vampire Hexmage",2,"Creature - Vampire Shaman",B,"zen","114",uncommon,b,Owned,Non-foil,false,,,"","",34690,
"Zulaport Cutthroat",2,"Creature - Human Rogue Ally",B,"bfz","126",uncommon,b,Owned,Non-foil,false,,,"","",58401,
"Drana, Liberator of Malakir",3,"Legendary Creature - Vampire Ally",B,"bfz","109",mythic,b,Owned,Non-foil,false,,,"","",58405,
"Murderous Rider",3,"Creature - Zombie Knight ",B,"eld","287",rare,b,Premium Owned,Non-foil,false,,,"New, Promo","",,
"Ophiomancer",3,"Creature - Human Shaman",B,"c13","84",rare,b,Owned,Non-foil,false,,,"","",51344,
"Rotting Regisaur",3,"Creature - Zombie Dinosaur",B,"m20","111",rare,b,Owned,Non-foil,false,,,"","",73121,
"Woe Strider",3,"Creature - Horror",B,"thb","317",rare,b,Premium Owned,Non-foil,false,,,"","",,
"Yahenni, Undying Partisan",3,"Legendary Creature - Aetherborn Vampire",B,"aer","74",rare,b,Owned,Non-foil,false,,,"","",62701,
"Kalitas, Traitor of Ghet",4,"Legendary Creature - Vampire Warrior",B,"ogw","86",mythic,b,Owned,Non-foil,false,,,"","",59417,
"Nightmare Shepherd",4,"Enchantment Creature - Demon",B,"thb","315",rare,b,Premium Owned,Non-foil,false,,,"","",,
"Rankle, Master of Pranks",4,"Legendary Creature - Faerie Rogue",B,"eld","101",mythic,b,Owned,Non-foil,false,,,"New","",78320,
"Ravenous Chupacabra",4,"Creature - Beast Horror",B,"rix","82",uncommon,b,Owned,Non-foil,false,,,"","",66617,
"Skinrender",4,"Creature - Zombie",B,"som","78",uncommon,b,Owned,Non-foil,false,,,"","",38453,
"Yawgmoth, Thran Physician",4,"Legendary Creature - Human Cleric",B,"mh1","116",mythic,b,Owned,Non-foil,false,,,"New","",72604,
"Doom Whisperer",5,"Creature - Nightmare Demon",B,"grn","69",mythic,b,Owned,Non-foil,false,,,"","",69511,
"God-Eternal Bontu",5,"Legendary Creature - Zombie God",B,"war","92",mythic,b,Owned,Non-foil,false,,,"","",71790,
"Shriekmaw",5,"Creature - Elemental",B,"plrw","139★",rare,b,Premium Owned,Foil,false,,,"Foil, Promo","",,
"Grave Titan",6,"Creature - Giant",B,"pdp12","2",mythic,b,Premium Owned,Foil,false,,,"Foil, Promo","",,
"Tasigur, the Golden Fang",6,"Legendary Creature - Human Shaman",B,"frf","87",rare,m,Owned,Non-foil,false,,,"","",55338,
"Griselbrand",8,"Legendary Creature - Demon",B,"avr","106",mythic,b,Owned,Non-foil,false,,,"","",44125,
"Liliana of the Veil",3,"Legendary Planeswalker - Liliana",B,"isd","105",mythic,b,Owned,Non-foil,false,,,"","",42616,
"Liliana, the Last Hope",3,"Legendary Planeswalker - Liliana",B,"emn","93",mythic,b,Owned,Non-foil,false,,,"","",61152,
"Dark Ritual",1,"Instant",B,"tmp","118",common,b,Owned,Non-foil,false,,,"","",9513,
"Entomb",1,"Instant",B,"pd3","14",rare,b,Premium Owned,Foil,false,,,"Foil","",43127,
"Vampiric Tutor",1,"Instant",B,"6ed","161",rare,b,Owned,Non-foil,false,,,"WhiteBorder","",,
"Eliminate",2,"Instant",B,"m21","97",uncommon,b,Owned,Non-foil,false,,,"","",81421,
"Go for the Throat",2,"Instant",B,"mbs","43",uncommon,b,Owned,Non-foil,false,,,"","",39447,
"Heartless Act",2,"Instant",B,"iko","91",uncommon,b,Owned,Non-foil,false,,,"","",80191,
"Liliana's Triumph",2,"Instant",B,"war","98",uncommon,b,Owned,Non-foil,false,,,"","",71802,
"Dismember",3,"Instant",B,"nph","57",uncommon,b,Owned,Non-foil,false,,,"","",39944,
"Hero's Downfall",3,"Instant",B,"cp2","2",rare,b,Owned,Non-foil,false,,,"","",,
"Snuff Out",4,"Instant",B,"mmq","162",common,b,Owned,Non-foil,false,,,"","",13495,
"Duress",1,"Sorcery",B,"ddc","46",common,b,Owned,Non-foil,false,,,"","",32068,
"Inquisition of Kozilek",1,"Sorcery",B,"roe","115",uncommon,b,Owned,Non-foil,false,,,"","",36360,
"Mind Twist",1,"Sorcery",B,"4ed","147",rare,b,Owned,Non-foil,false,,,"WhiteBorder","",,
"Reanimate",1,"Sorcery",B,"tmp","151",uncommon,b,Owned,Non-foil,false,,,"","",9989,
"Thoughtseize",1,"Sorcery",B,"ths","107",rare,b,Owned,Non-foil,false,,,"","",50256,
"Demonic Tutor",2,"Sorcery",B,"3ed","105",uncommon,b,Owned,Non-foil,false,,,"WhiteBorder","",,
"Hymn to Tourach",2,"Sorcery",B,"ema","92",uncommon,b,Owned,Non-foil,false,,,"","",60783,
"Sinkhole",2,"Sorcery",B,"2ed","130",common,b,Owned,Non-foil,false,,,"WhiteBorder","",,
"Smallpox",2,"Sorcery",B,"m12","108",uncommon,b,Owned,Non-foil,false,,,"","",41573,
"Agadeem's Awakening",3,"Sorcery",B,"znr","90",mythic,b,Owned,Non-foil,false,,,"","",83139,
"Toxic Deluge",3,"Sorcery",B,"c13","96",rare,b,Owned,Non-foil,false,,,"","",51366,
"Yawgmoth's Will",3,"Sorcery",B,"usg","171",rare,b,Proxied,Non-foil,false,,,"","",12349,
"Consuming Vapors",4,"Sorcery",B,"roe","101",rare,b,Owned,Non-foil,false,,,"","",36804,
"Damnation",4,"Sorcery",B,"plc","85",rare,b,Owned,Non-foil,false,,,"","",26279,
"Tendrils of Agony",4,"Sorcery",B,"f08","4",rare,b,Premium Owned,Foil,false,,,"Foil, Promo","",,
"Living Death",5,"Sorcery",B,"v14","8",mythic,b,Premium Owned,Foil,false,,,"Foil, Promo","",53933,
"Bolas's Citadel",6,"Legendary Artifact",B,"war","79",rare,b,Owned,Non-foil,false,,,"","",71764,
"Animate Dead",2,"Enchantment - Aura",B,"ema","78",uncommon,b,Premium Owned,Foil,false,,,"Foil","",60877,
"Bitterblossom",2,"Tribal Enchantment - Faerie",B,"sld","12",mythic,b,Premium Owned,Non-foil,false,,,"Promo","",,
"Dance of the Dead",2,"Enchantment - Aura",B,"ice","118",uncommon,b,Owned,Non-foil,false,,,"","",,
"Necromancy",3,"Enchantment",B,"vis","64",uncommon,b,Owned,Non-foil,false,,,"","",7649,
"Phyrexian Arena",3,"Enchantment",B,"mb1","730",rare,b,Owned,Non-foil,false,,,"","",,
"Recurring Nightmare",3,"Enchantment",B,"exo","72",rare,b,Owned,Non-foil,false,,,"","",10583,
"Castle Locthwain",0,"Land",B,"eld","241",rare,Black,Owned,Non-foil,false,,,"","",78628,
"Falkenrath Gorger",1,"Creature - Vampire Berserker",R,"soi","155",rare,r,Owned,Non-foil,false,,,"","",59776,
"Firedrinker Satyr",1,"Creature - Satyr Shaman",R,"ths","122",rare,r,Premium Owned,Foil,false,,,"Foil","",50612,
"Goblin Guide",1,"Creature - Goblin Scout",R,"zen","126",rare,r,Premium Owned,Foil,false,,,"Foil","",34374,
"Goblin Welder",1,"Creature - Goblin Artificer",R,"ulg","80",rare,r,Owned,Non-foil,false,,,"","",12561,
"Grim Lavamancer",1,"Creature - Human Wizard",R,"m12","145",rare,r,Owned,Non-foil,false,,,"","",41611,
"Jackal Pup",1,"Creature - Jackal",R,"pd2","2",uncommon,r,Premium Owned,Foil,false,,,"Foil","",39264,
"Monastery Swiftspear",1,"Creature - Human Monk",R,"ktk","118",uncommon,r,Owned,Non-foil,false,,,"","",54108,
"Soul-Scar Mage",1,"Creature - Human Wizard",R,"akh","148",rare,r,Owned,Non-foil,false,,,"","",63898,
"Stromkirk Noble",1,"Creature - Vampire",R,"isd","164",rare,r,Owned,Non-foil,false,,,"","",42554,
"Zurgo Bellstriker",1,"Legendary Creature - Orc Warrior",R,"dtk","169",rare,r,Owned,Non-foil,false,,,"","",56050,
"Abbot of Keral Keep",2,"Creature - Human Monk",R,"ori","127",rare,r,Premium Owned,Foil,false,,,"Foil","",58042,
"Ash Zealot",2,"Creature - Human Warrior",R,"rtr","86",rare,r,Owned,Non-foil,false,,,"","",46745,
"Dire Fleet Daredevil",2,"Creature - Human Pirate",R,"rix","99",rare,r,Owned,Non-foil,false,,,"","",66651,
"Eidolon of the Great Revel",2,"Enchantment Creature - Spirit",R,"jou","94",rare,r,Owned,Non-foil,false,,,"","",52246,
"Embereth Shieldbreaker",2,"Creature - Human Knight",R,"eld","292",uncommon,r,Owned,Non-foil,false,,,"","",,
"Goblin Cratermaker",2,"Creature - Goblin Warrior",R,"grn","103",uncommon,r,Owned,Non-foil,false,,,"","",69579,
"Grenzo, Havoc Raiser",2,"Legendary Creature - Goblin Rogue",R,"cn2","54",rare,r,Owned,Non-foil,false,,,"","",,
"Kargan Intimidator",2,"Creature - Human Warrior",R,"znr","347",rare,r,Owned,Non-foil,false,,,"","",,
"Lightning Mauler",2,"Creature - Human Berserker",R,"avr","144",uncommon,r,Owned,Non-foil,false,,,"","",44201,
"Robber of the Rich",2,"Creature - Human Archer Rogue",R,"eld","138",mythic,r,Not Owned,Non-foil,false,,,"New","",78406,
"Young Pyromancer",2,"Creature - Human Shaman",R,"m14","163",uncommon,r,Owned,Non-foil,false,,,"","",49413,
"Bonecrusher Giant",3,"Creature - Giant ",R,"eld","291",rare,r,Premium Owned,Non-foil,false,,,"New","",,
"Chandra, Fire of Kaladesh",3,"Legendary Creature - Human Shaman ",R,"ori","135",mythic,r,Premium Owned,Foil,false,,,"Foil","",57994,
"Goblin Rabblemaster",3,"Creature - Goblin Warrior",R,"m15","145",rare,r,Owned,Non-foil,false,,,"","",53500,
"Imperial Recruiter",3,"Creature - Human Advisor",R,"ptk","113",uncommon,r,Owned,Non-foil,false,,,"","",,
"Legion Warboss",3,"Creature - Goblin Soldier",R,"grn","109",rare,r,Owned,Non-foil,false,,,"","",69591,
"Seasoned Pyromancer",3,"Creature - Human Shaman",R,"mh1","145",mythic,r,Owned,Non-foil,false,,,"New","",72662,
"Avalanche Riders",4,"Creature - Human Nomad",R,"tsb","55",special,r,Owned,Non-foil,false,,,"","",26123,
"Flametongue Kavu",4,"Creature - Kavu",R,"pls","60",uncommon,r,Owned,Non-foil,false,,,"","",15267,
"Goblin Heelcutter",4,"Creature - Goblin Berserker",R,"frf","102",common,r,Owned,Non-foil,false,,,"","",55478,
"Hazoret the Fervent",4,"Legendary Creature - God",R,"akh","136",mythic,r,Owned,Non-foil,false,,,"","",63874,
"Hellrider",4,"Creature - Devil",R,"dka","93",rare,r,Owned,Non-foil,false,,,"","",43185,
"Pia and Kiran Nalaar",4,"Legendary Creature - Human Artificer",R,"ori","157",rare,r,Owned,Non-foil,false,,,"","",57990,
"Ilharg, the Raze-Boar",5,"Legendary Creature - Boar God",R,"war","133",mythic,r,Owned,Non-foil,false,,,"","",71872,
"Kiki-Jiki, Mirror Breaker",5,"Legendary Creature - Goblin Shaman",R,"chk","175",rare,r,Owned,Non-foil,false,,,"","",21021,
"Siege-Gang Commander",5,"Creature - Goblin",R,"m10","157",rare,r,Owned,Non-foil,false,,,"","",33027,
"Zealous Conscripts",5,"Creature - Human Warrior",R,"avr","166",rare,r,Owned,Non-foil,false,,,"","",44033,
"Inferno Titan",6,"Creature - Giant",R,"m11","146",mythic,r,Owned,Non-foil,false,,,"","",37428,
"Greater Gargadon",10,"Creature - Beast",R,"mma","117",rare,r,Owned,Non-foil,false,,,"","",49042,
"Chandra, Torch of Defiance",4,"Legendary Planeswalker - Chandra",R,"kld","110",mythic,r,Owned,Non-foil,false,,,"","",61573,
"Koth of the Hammer",4,"Legendary Planeswalker - Koth",R,"som","94",mythic,r,Owned,Non-foil,false,,,"","",38331,
"Burst Lightning",1,"Instant",R,"zen","119",common,r,Owned,Non-foil,false,,,"","",34408,
"Lightning Bolt",1,"Instant",R,"pf19","1",rare,r,Premium Owned,Foil,false,,,"Promo, Foil","",,
"Abrade",2,"Instant",R,"hou","83",uncommon,r,Owned,Non-foil,false,,,"","",64650,
"Incinerate",2,"Instant",R,"m12","146",common,r,Owned,Non-foil,false,,,"","",41135,
"Lightning Strike",2,"Instant",R,"ths","127",common,r,Owned,Non-foil,false,,,"","",50572,
"Searing Spear",2,"Instant",R,"m13","147",common,r,Owned,Non-foil,false,,,"","",45526,
"Char",3,"Instant",R,"rav","117",rare,r,Owned,Non-foil,false,,,"","",23212,
"Risk Factor",3,"Instant",R,"grn","113",rare,r,Owned,Non-foil,false,,,"","",69599,
"Seething Song",3,"Instant",R,"mrd","104",common,r,Owned,Non-foil,false,,,"","",19991,
"Through the Breach",5,"Instant - Arcane",R,"chk","193",rare,r,Owned,Non-foil,false,,,"","",21519,
"Fireblast",6,"Instant",R,"vis","79",common,r,Owned,Non-foil,false,,,"","",7551,
"Chain Lightning",1,"Sorcery",R,"pd2","16",common,r,Premium Owned,Foil,false,,,"Foil","",39266,
"Earthquake",1,"Sorcery",R,"cmd","121",rare,r,Owned,Non-foil,false,,,"","",40507,
"Faithless Looting",1,"Sorcery",R,"dka","87",common,r,Owned,Non-foil,false,,,"","",43267,
"Firebolt",1,"Sorcery",R,"ody","193",common,r,Owned,Non-foil,false,,,"","",16705,
"Rolling Earthquake",1,"Sorcery",R,"v14","10",mythic,r,Premium Owned,Foil,false,,,"Foil, Promo","",53917,
"Finale of Promise",2,"Sorcery",R,"war","127",mythic,r,Owned,Non-foil,false,,,"","",71860,
"Arc Lightning",3,"Sorcery",R,"usg","174",common,r,Owned,Non-foil,false,,,"","",12065,
"Light Up the Stage",3,"Sorcery",R,"rna","107",uncommon,r,Owned,Non-foil,false,,,"","",71214,
"Wheel of Fortune",3,"Sorcery",R,"3ed","185",rare,r,Owned,Non-foil,false,,,"WhiteBorder","",,
"Fiery Confluence",4,"Sorcery",R,"c15","26",rare,r,Owned,Non-foil,false,,,"","",,
"Burning of Xinye",6,"Sorcery",R,"v14","2",mythic,r,Premium Owned,Foil,false,,,"Foil, Promo","",53919,
"Wildfire",6,"Sorcery",R,"mm2","134",rare,r,Owned,Non-foil,false,,,"","",57020,
"Molten Vortex",1,"Enchantment",R,"ori","156",rare,r,Owned,Non-foil,false,,,"","",58034,
"Underworld Breach",2,"Enchantment",R,"thb","161",rare,r,Owned,Non-foil,false,,,"","",79446,
"Sulfuric Vortex",3,"Enchantment",R,"scg","106",rare,r,Owned,Non-foil,false,,,"","",18928,
"Experimental Frenzy",4,"Enchantment",R,"grn","99",rare,r,Owned,Non-foil,false,,,"","",69571,
"Purphoros, God of the Forge",4,"Legendary Enchantment - God",R,"ths","135",mythic,r,Owned,Non-foil,false,,,"","",50312,
"Sneak Attack",4,"Enchantment",R,"ema","148",mythic,r,Owned,Non-foil,false,,,"","",60769,
"Splinter Twin",4,"Enchantment - Aura",R,"mm2","129",rare,r,Owned,Non-foil,false,,,"","",57186,
"Arbor Elf",1,"Creature - Elf Druid",G,"wwk","95",common,g,Owned,Non-foil,false,,,"","",35773,
"Birds of Paradise",1,"Creature - Bird",G,"m10","168",rare,g,Owned,Non-foil,false,,,"","",33077,
"Elvish Mystic",1,"Creature - Elf Druid",G,"m14","169",common,g,Owned,Non-foil,false,,,"","",49499,
"Elvish Reclaimer",1,"Creature - Elf Warrior",G,"m20","169",rare,g,Owned,Non-foil,false,,,"","",73237,
"Fyndhorn Elves",1,"Creature - Elf Druid",G,"ice","244",common,g,Owned,Non-foil,false,,,"","",,
"Gilded Goose",1,"Creature - Bird",G,"eld","160",rare,g,Owned,Non-foil,false,,,"","",78458,
"Hexdrinker",1,"Creature - Snake",G,"mh1","168",mythic,g,Ordered,Non-foil,false,,,"","",72708,
"Joraga Treespeaker",1,"Creature - Elf Druid",G,"roe","190",uncommon,g,Owned,Non-foil,false,,,"","",36408,
"Llanowar Elves",1,"Creature - Elf Druid",G,"ema","175",common,g,Premium Owned,Foil,false,,,"Foil","",61001,
"Noble Hierarch",1,"Creature - Human Druid",G,"con","87",rare,m,Owned,Non-foil,false,,,"","",31745,
"Pelt Collector",1,"Creature - Elf Warrior",G,"grn","141",rare,g,Owned,Non-foil,false,,,"","",69655,
"Fauna Shaman",2,"Creature - Elf Shaman",G,"m11","172",rare,g,Owned,Non-foil,false,,,"","",37456,
"Lotus Cobra",2,"Creature - Snake",G,"zen","168",mythic,g,Owned,Non-foil,false,,,"","",34546,
"Rofellos, Llanowar Emissary",2,"Legendary Creature - Elf Druid",G,"uds","118",rare,g,Owned,Non-foil,false,,,"","",12913,
"Sakura-Tribe Elder",2,"Creature - Snake Shaman",G,"chk","239",common,g,Owned,Non-foil,false,,,"","",21097,
"Scavenging Ooze",2,"Creature - Ooze",G,"cmd","170",rare,g,Owned,Non-foil,false,,,"","",40630,
"Sylvan Caryatid",2,"Creature - Plant",G,"ths","180",rare,g,Owned,Non-foil,false,,,"","",50260,
"Tarmogoyf",2,"Creature - Lhurgoyf",G,"mm3","141",mythic,g,Owned,Non-foil,false,,,"","",63475,
"Wall of Blossoms",2,"Creature - Plant Wall",G,"sth","125",uncommon,g,Owned,Non-foil,false,,,"","",10433,
"Wall of Roots",2,"Creature - Plant Wall",G,"tsb","89",special,g,Owned,Non-foil,false,,,"","",26081,
"Courser of Kruphix",3,"Enchantment Creature - Centaur",G,"bng","119",rare,g,Owned,Non-foil,false,,,"","",51851,
"Eternal Witness",3,"Creature - Human Shaman",G,"5dn","86",uncommon,g,Owned,Non-foil,false,,,"","",20856,
"Manglehorn",3,"Creature - Beast",G,"akh","175",uncommon,g,Owned,Non-foil,false,,,"","",63952,
"Ramunap Excavator",3,"Creature - Naga Cleric",G,"hou","129",rare,g,Not Owned,Non-foil,false,,,"New","",64742,
"Reclamation Sage",3,"Creature - Elf Shaman",G,"pm15","194",uncommon,g,Owned,Non-foil,false,,,"Promo","",,
"Rishkar, Peema Renegade",3,"Legendary Creature - Elf Druid",G,"aer","122",rare,g,Owned,Non-foil,false,,,"","",62795,
"Tireless Tracker",3,"Creature - Human Scout",G,"soi","233",rare,g,Owned,Non-foil,false,,,"","",60320,
"Yavimaya Elder",3,"Creature - Human Druid",G,"uds","124",common,g,Owned,Non-foil,false,,,"","",12901,
"Master of the Wild Hunt",4,"Creature - Human Shaman",G,"m10","191",mythic,g,Owned,Non-foil,false,,,"","",32833,
"Nightpack Ambusher",4,"Creature - Wolf",G,"m20","185",rare,g,Not Owned,Non-foil,false,,,"","",73269,
"Oracle of Mul Daya",4,"Creature - Elf Shaman",G,"zen","172",rare,g,Owned,Non-foil,false,,,"","",34542,
"Polukranos, World Eater",4,"Legendary Creature - Hydra",G,"ths","172",mythic,g,Owned,Non-foil,false,,,"","",50628,
"Questing Beast",4,"Legendary Creature - Beast",G,"eld","171",mythic,g,Owned,Non-foil,false,,,"","",78482,
"Thrun, the Last Troll",4,"Legendary Creature - Troll Shaman",G,"mbs","92",mythic,g,Owned,Non-foil,false,,,"","",39517,
"Acidic Slime",5,"Creature - Ooze",G,"m10","165",uncommon,g,Owned,Non-foil,false,,,"","",32723,
"Deep Forest Hermit",5,"Creature - Elf Druid",G,"mh1","161",rare,g,Owned,Non-foil,false,,,"New","",72694,
"Deranged Hermit",5,"Creature - Elf",G,"prm","36132",rare,g,Not Owned,Non-foil,false,,,"New","",36132,
"Elder Gargaroth",5,"Creature - Beast",G,"m21","179",mythic,g,Owned,Non-foil,false,,,"","",81585,
"Thragtusk",5,"Creature - Beast",G,"m13","193",rare,g,Owned,Non-foil,false,,,"","",45582,
"Titania, Protector of Argoth",5,"Legendary Creature - Elemental",G,"c14","50",mythic,g,Owned,Non-foil,false,,,"","",55119,
"Carnage Tyrant",6,"Creature - Dinosaur",G,"xln","179",mythic,g,Owned,Non-foil,false,,,"","",65376,
"Primeval Titan",6,"Creature - Giant",G,"m11","192",mythic,g,Owned,Non-foil,false,,,"","",37400,
"Regal Behemoth",6,"Creature - Dinosaur",G,"cn2","69",rare,g,Owned,Non-foil,false,,,"","",,
"Avenger of Zendikar",7,"Creature - Elemental",G,"c18","129",mythic,g,Owned,Non-foil,false,,,"","",,
"Craterhoof Behemoth",8,"Creature - Beast",G,"mm3","122",mythic,g,Owned,Non-foil,false,,,"","",63323,
"End-Raze Forerunners",8,"Creature - Boar",G,"rna","124",rare,g,Owned,Non-foil,false,,,"","",71248,
"Hornet Queen",7,"Creature - Insect",G,"m15","178",rare,g,Premium Owned,Foil,false,,,"Foil","",53364,
"Woodfall Primus",8,"Creature - Treefolk Shaman",G,"shm","135",rare,g,Owned,Non-foil,false,,,"","",29589,
"Garruk Wildspeaker",4,"Legendary Planeswalker - Garruk",G,"ddd","1",mythic,g,Premium Owned,Foil,false,,,"Foil, Promo","",34942,
"Nissa, Who Shakes the World",5,"Legendary Planeswalker - Nissa",G,"war","169",rare,g,Owned,Non-foil,false,,,"","",71944,
"Vivien, Monsters' Advocate",5,"Legendary Planeswalker - Vivien",G,"iko","277",mythic,g,Owned,Non-foil,false,,,"","",,
"Chord of Calling",3,"Instant",G,"m15","172",rare,g,Owned,Non-foil,false,,,"","",53742,
"Green Sun's Zenith",1,"Sorcery",G,"mbs","81",rare,g,Owned,Non-foil,false,,,"","",39581,
"Channel",2,"Sorcery",G,"ima","157",mythic,g,Owned,Non-foil,false,,,"","",66193,
"Finale of Devastation",2,"Sorcery",G,"war","160",mythic,g,Owned,Non-foil,false,,,"","",71926,
"Life from the Loam",2,"Sorcery",G,"rav","172",rare,g,Owned,Non-foil,false,,,"","",23376,
"Regrowth",2,"Sorcery",G,"mh1","175",uncommon,g,Owned,Non-foil,false,,,"","",72722,
"Cultivate",3,"Sorcery",G,"m11","168",common,g,Owned,Non-foil,false,,,"","",37350,
"Kodama's Reach",3,"Sorcery - Arcane",G,"chk","225",common,g,Owned,Non-foil,false,,,"","",21003,
"Natural Order",4,"Sorcery",G,"vis","114",rare,g,Owned,Non-foil,false,,,"","",7647,
"Selvala's Stampede",6,"Sorcery",G,"cn2","71",rare,g,Owned,Non-foil,false,,,"","",,
"Tooth and Nail",7,"Sorcery",G,"mrd","134",rare,g,Owned,Non-foil,false,,,"","",19969,
"Turntimber Symbiosis",7,"Sorcery",G,"znr","215",mythic,g,Owned,Foil,false,,,"Foil","",83421,
"Birthing Pod",4,"Artifact",G,"nph","104",rare,g,Owned,Non-foil,false,,,"","",39796,
"Fastbond",1,"Enchantment",G,"3ed","194",rare,g,Owned,Non-foil,false,,,"WhiteBorder","",,
"Oath of Nissa",1,"Legendary Enchantment",G,"ogw","140",rare,g,Owned,Non-foil,false,,,"","",59393,
"Rancor",1,"Enchantment - Aura",G,"m13","185",uncommon,g,Owned,Foil,false,,,"","",45252,
"Survival of the Fittest",2,"Enchantment",G,"exo","129",rare,g,Owned,Non-foil,false,,,"","",10709,
"Sylvan Library",2,"Enchantment",G,"ema","187",rare,g,Owned,Non-foil,false,,,"","",60785,
"Song of the Dryads",3,"Enchantment - Aura",G,"c14","47",rare,g,Owned,Non-foil,false,,,"","",55149,
"Gaea's Cradle",0,"Legendary Land",G,"usg","321",rare,Green,Proxied,Non-foil,false,,,"Proxy","",11867,
"Reflector Mage",3,"Creature - Human Wizard",WU,"ogw","157",uncommon,m,Owned,Non-foil,false,,,"","",59587,
"Soulherder",3,"Creature - Spirit",UW,"mh1","214",uncommon,m,Not Owned,Non-foil,false,,,"New","",72800,
"Sphinx's Revelation",3,"Instant",WU,"rtr","200",mythic,m,Owned,Non-foil,false,,,"","",46559,
"Supreme Verdict",4,"Sorcery",WU,"prtr","*201",rare,m,Premium Owned,Foil,false,,,"Foil, Promo","",,
"Fractured Identity",5,"Sorcery",WU,"c17","37",rare,m,Owned,Non-foil,false,,,"","",,
"Yorion, Sky Nomad",5,"Legendary Creature - Bird Serpent",UW,"iko","232",rare,m,Owned,Non-foil,false,,,"","",80473,
"Baleful Strix",2,"Artifact Creature - Bird",UB,"pc2","82",uncommon,m,Owned,Non-foil,false,,,"","",45066,
"Shadowmage Infiltrator",3,"Creature - Human Wizard",UB,"ody","294",rare,m,Owned,Non-foil,false,,,"","",17045,
"Hostage Taker",4,"Creature - Human Pirate",UB,"xln","223",rare,m,Premium Owned,Foil,false,,,"","",65466,
"Tezzeret, Agent of Bolas",4,"Legendary Planeswalker - Tezzeret",UB,"mbs","97",mythic,m,Premium Owned,Foil,false,,,"","",39301,
"Fallen Shinobi",5,"Creature - Zombie Ninja",BU,"mh1","199",rare,m,Not Owned,Non-foil,false,,,"New","",72770,
"The Scarab God",5,"Legendary Creature - God",UB,"hou","145",mythic,m,Owned,Non-foil,false,,,"","",64774,
"Rakdos Cackler",1,"Creature - Devil",BR,"rtr","220",uncommon,m,Owned,Non-foil,false,,,"","",46435,
"Bedevil",3,"Instant",BR,"prna","157s",rare,m,Premium Owned,Foil,false,,,"Foil, Promo","",,
"Daretti, Ingenious Iconoclast",3,"Legendary Planeswalker - Daretti",BR,"cn2","74",mythic,m,Owned,Non-foil,false,,,"","",,
"Judith, the Scourge Diva",3,"Legendary Creature - Human Shaman",BR,"rna","185",rare,m,Owned,Non-foil,false,,,"","",71370,
"Kolaghan's Command",3,"Instant",BR,"dtk","224",rare,m,Owned,Non-foil,false,,,"","",56082,
"Falkenrath Aristocrat",4,"Creature - Vampire",BR,"dka","138",mythic,m,Owned,Non-foil,false,,,"","",43417,
"Wrenn and Six",2,"Legendary Planeswalker - Wrenn",RG,"mh1","217",mythic,m,Ordered,Non-foil,false,,,"","",72806,
"Domri, Anarch of Bolas",3,"Legendary Planeswalker - Domri",RG,"war","191",rare,m,Owned,Non-foil,false,,,"","",71988,
"Rhythm of the Wild",3,"Enchantment",RG,"rna","201",uncommon,m,Owned,Non-foil,false,,,"","",71402,
"Bloodbraid Elf",4,"Creature - Elf Berserker",RG,"arb","50",uncommon,m,Owned,Non-foil,false,,,"","",32430,
"Huntmaster of the Fells",4,"Creature - Human Werewolf ",RG,"v17","11",mythic,m,Premium Owned,Foil,false,,,"Foil, Promo","",66431,
"Xenagos, the Reveler",4,"Legendary Planeswalker - Xenagos",RG,"ths","209",mythic,m,Owned,Non-foil,false,,,"","",50316,
"Voice of Resurgence",2,"Creature - Elemental",WG,"dgm","114",mythic,m,Owned,Non-foil,false,,,"","",48302,
"Kitchen Finks",3,"Creature - Ouphe",WG,"shm","229",uncommon,m,Owned,Non-foil,false,,,"","",29329,
"Knight of Autumn",3,"Creature - Dryad Knight",WG,"grn","183",rare,m,Owned,Non-foil,false,,,"","",69739,
"Knight of the Reliquary",3,"Creature - Human Knight",WG,"con","113",rare,m,Owned,Non-foil,false,,,"","",31925,
"March of the Multitudes",3,"Instant",WG,"grn","188",mythic,m,Owned,Non-foil,false,,,"","",69749,
"Mirari's Wake",5,"Enchantment",WG,"c17","181",mythic,m,Owned,Non-foil,false,,,"","",,
"Lingering Souls",3,"Sorcery",WB,"dka","12",uncommon,m,Owned,Non-foil,false,,,"","",43359,
"Lurrus of the Dream-Den",3,"Legendary Creature - Cat Nightmare",BW,"iko","226",rare,m,Owned,Non-foil,false,,,"","",80461,
"Vindicate",3,"Sorcery",WB,"apc","126",rare,m,Owned,Non-foil,false,,,"","",16154,
"Kaya, Ghost Assassin",4,"Legendary Planeswalker - Kaya",WB,"cn2","222",mythic,m,Owned,Non-foil,false,,,"","",,
"Sorin, Lord of Innistrad",4,"Legendary Planeswalker - Sorin",WB,"ddk","1",mythic,m,Premium Owned,Foil,false,,,"","",48155,
"Unburial Rites",5,"Sorcery",WB,"isd","122",uncommon,m,Owned,Non-foil,false,,,"","",42482,
"Deathrite Shaman",1,"Creature - Elf Shaman",BG,"rtr","213",rare,m,Owned,Non-foil,false,,,"","",46777,
"Abrupt Decay",2,"Instant",BG,"rtr","141",rare,m,Owned,Non-foil,false,,,"","",46497,
"Assassin's Trophy",2,"Instant",BG,"grn","152",rare,m,Owned,Non-foil,false,,,"","",69677,
"Catacomb Sifter",3,"Creature - Eldrazi Drone",BG,"bfz","201",uncommon,m,Owned,Non-foil,false,,,"","",58485,
"Maelstrom Pulse",3,"Sorcery",BG,"arb","92",rare,m,Owned,Non-foil,false,,,"","",32388,
"Garruk, Cursed Huntsman",6,"Legendary Planeswalker - Garruk",BG,"eld","191",mythic,m,Not Owned,Non-foil,false,,,"New","",78526,
"Hydroid Krasis",2,"Creature - Jellyfish Hydra Beast",UG,"rna","183",mythic,m,Owned,Non-foil,false,,,"","",71366,
"Edric, Spymaster of Trest",3,"Legendary Creature - Elf Rogue",UG,"cmd","196",rare,m,Owned,Non-foil,false,,,"","",40629,
"Oko, Thief of Crowns",3,"Legendary Planeswalker - Oko",GU,"eld","197",mythic,m,Not Owned,Non-foil,false,,,"New","",78538,
"Trygon Predator",3,"Creature - Beast",UG,"mma","185",uncommon,m,Owned,Non-foil,false,,,"","",48902,
"Uro, Titan of Nature's Wrath",3,"Legendary Creature - Elder Giant",GU,"thb","229",mythic,m,Owned,Non-foil,false,,,"","",79582,
"Prime Speaker Vannifar",4,"Legendary Creature - Elf Ooze Wizard",UG,"rna","195",mythic,m,Owned,Non-foil,false,,,"","",71390,
"Izzet Charm",2,"Instant",UR,"rtr","172",uncommon,m,Owned,Non-foil,false,,,"","",46433,
"Dack Fayden",3,"Legendary Planeswalker - Dack",UR,"cns","42",mythic,m,Owned,Non-foil,false,,,"","",,
"Electrolyze",3,"Instant",UR,"gpt","111",uncommon,m,Owned,Non-foil,false,,,"","",23629,
"Saheeli, Sublime Artificer",3,"Legendary Planeswalker - Saheeli",UR,"war","234",uncommon,m,Not Owned,Non-foil,false,,,"New","",72074,
"Ral Zarek",4,"Legendary Planeswalker - Ral",UR,"dgm","94",mythic,m,Owned,Non-foil,false,,,"","",48198,
"Expansion // Explosion",6,"Instant ",UR,"grn","224",rare,m,Owned,Non-foil,false,,,"New","",69837,
"Figure of Destiny",1,"Creature - Kithkin",WR,"eve","139",rare,m,Owned,Non-foil,false,,,"","",30238,
"Boros Charm",2,"Instant",WR,"gtc","148",uncommon,m,Owned,Non-foil,false,,,"","",47477,
"Honored Crop-Captain",2,"Creature - Human Warrior",WR,"akh","200",uncommon,m,Owned,Non-foil,false,,,"","",64002,
"Lightning Helix",2,"Instant",WR,"rav","213",uncommon,m,Owned,Non-foil,false,,,"","",23154,
"Tajic, Legion's Edge",3,"Legendary Creature - Human Soldier",WR,"grn","204",rare,m,Owned,Non-foil,false,,,"","",69781,
"Ajani Vengeant",4,"Legendary Planeswalker - Ajani",WR,"ddh","1",mythic,m,Premium Owned,Foil,false,,,"Foil, Promo","",42174,
"Roon of the Hidden Realm",5,"Legendary Creature - Rhino Soldier",WUG,"c13","206",mythic,m,Owned,Non-foil,false,,,"","",51416,
"Sphinx of the Steel Wind",8,"Artifact Creature - Sphinx",WUB,"arb","110",mythic,m,Owned,Non-foil,false,,,"","",32474,
"Kess, Dissident Mage",4,"Legendary Creature - Human Wizard",UBR,"mh1","206",mythic,m,Owned,Non-foil,false,,,"New","",72784,
"Broodmate Dragon",6,"Creature - Dragon",BRG,"ala","160",rare,m,Owned,Non-foil,false,,,"","",31305,
"Ghired, Conclave Exile",5,"Legendary Creature - Human Shaman",WRG,"c19","42",mythic,m,Owned,Foil,false,,,"Foil","",77138,
"Siege Rhino",4,"Creature - Rhino",WBG,"ktk","200",rare,m,Owned,Non-foil,false,,,"","",54180,
"Kykar, Wind's Fury",4,"Legendary Creature - Bird Wizard",RUW,"m20","212",mythic,m,Not Owned,Non-foil,false,,,"","",73323,
"Leovold, Emissary of Trest",3,"Legendary Creature - Elf Advisor",UBG,"uma","202",mythic,m,Owned,Non-foil,false,,,"","",70037,
"Crackling Doom",3,"Instant",WBR,"pktk","171s",rare,m,Premium Owned,Foil,false,,,"","",,
"Maelstrom Wanderer",8,"Legendary Creature - Elemental",URG,"pc2","101",mythic,m,Owned,Non-foil,false,,,"","",45062,
"Kenrith, the Returned King",5,"Legendary Creature - Human Noble",WUBRG,"eld","303",mythic,m,Premium Owned,Foil,false,,,"New, Promo","",78686,
"Hangarback Walker",0,"Artifact Creature - Construct",,"ori","229",rare,c,Owned,Non-foil,false,,,"","",58128,
"Walking Ballista",0,"Artifact Creature - Construct",,"aer","181",rare,c,Owned,Non-foil,false,,,"","",62561,
"Lore Seeker",2,"Artifact Creature - Construct",,"cns","62",rare,c,Owned,Non-foil,false,,,"","",,
"Phyrexian Revoker",2,"Artifact Creature - Horror",,"mbs","122",rare,c,Owned,Non-foil,false,,,"","",39569,
"Scrapheap Scrounger",2,"Artifact Creature - Construct",,"kld","231",rare,b,Owned,Non-foil,false,,,"","",62087,
"Spellskite",2,"Artifact Creature - Horror",,"nph","159",rare,u,Owned,Non-foil,false,,,"","",39778,
"Metalworker",3,"Artifact Creature - Construct",,"uds","135",rare,c,Owned,Non-foil,false,,,"","",12921,
"Lodestone Golem",4,"Artifact Creature - Golem",,"wwk","127",rare,c,Owned,Non-foil,false,,,"","",35709,
"Solemn Simulacrum",4,"Artifact Creature - Golem",,"m12","217",rare,c,Owned,Non-foil,false,,,"","",41545,
"Golos, Tireless Pilgrim",5,"Legendary Artifact Creature - Scout",,"m20","226",rare,Colorless,Owned,Non-foil,false,,,"New","",73351,
"Wurmcoil Engine",6,"Artifact Creature - Wurm",,"psom","223★",mythic,c,Premium Owned,Non-foil,false,,,"Foil, Promo","",,
"Emrakul, the Promised End",13,"Legendary Creature - Eldrazi",,"emn","6",mythic,c,Owned,Non-foil,false,,,"","",61068,
"Kozilek, Butcher of Truth",10,"Legendary Creature - Eldrazi",,"roe","6",mythic,c,Owned,Non-foil,false,,,"","",36628,
"Myr Battlesphere",7,"Artifact Creature - Myr Construct",,"som","180",rare,c,Owned,Non-foil,false,,,"","",38307,
"Sundering Titan",8,"Artifact Creature - Golem",,"v10","13",mythic,c,Premium Owned,Foil,false,,,"Foil","",37653,
"Ulamog, the Infinite Gyre",11,"Legendary Creature - Eldrazi",,"mm2","6",mythic,c,Owned,Non-foil,false,,,"","",57206,
"Karn, Scion of Urza",4,"Legendary Planeswalker - Karn",,"dom","1",mythic,c,Owned,Non-foil,false,,,"New","",67467,
"Karn Liberated",7,"Legendary Planeswalker - Karn",,"nph","1",mythic,c,Owned,Non-foil,false,,,"New","",39710,
"Ugin, the Spirit Dragon",8,"Legendary Planeswalker - Ugin",,"m21","279",mythic,c,Premium Owned,Non-foil,false,,,"Promo","",,
"Black Lotus",0,"Artifact",,"vma","4",bonus,c,Proxied,Non-foil,false,,,"Proxy","",53155,
"Bonesplitter",1,"Artifact - Equipment",,"mrd","146",common,c,Owned,Non-foil,false,,,"","",19829,
"Chrome Mox",0,"Artifact",,"ema","219",mythic,c,Owned,Non-foil,false,,,"","",60965,
"Cursed Scroll",1,"Artifact",,"tmp","281",rare,c,Owned,Non-foil,false,,,"","",9739,
"Engineered Explosives",0,"Artifact",,"mma","204",rare,c,Premium Owned,Foil,false,,,"Foil","",48880,
"Everflowing Chalice",0,"Artifact",,"ddf","60",uncommon,c,Owned,Non-foil,false,,,"","",37690,
"Lion's Eye Diamond",0,"Artifact",,"mir","307",rare,c,Owned,Non-foil,false,,,"","",7103,
"Lotus Bloom",0,"Artifact",,"tsp","259",rare,c,Owned,Non-foil,false,,,"","",25691,
"Lotus Petal",0,"Artifact",,"tmp","294",common,c,Owned,Non-foil,false,,,"","",9475,
"Mana Crypt",0,"Artifact",,"ema","225",mythic,c,Proxied,Non-foil,false,,,"","",60697,
"Mana Vault",1,"Artifact",,"uma","229",mythic,c,Owned,Non-foil,false,,,"","",70051,
"Mox Diamond",0,"Artifact",,"sth","138",rare,c,Owned,Non-foil,false,,,"","",10325,
"Mox Emerald",0,"Artifact",,"vma","5",bonus,g,Proxied,Non-foil,false,,,"Proxy","",52877,
"Mox Jet",0,"Artifact",,"vma","6",bonus,b,Proxied,Non-foil,false,,,"Proxy","",52713,
"Mox Pearl",0,"Artifact",,"vma","7",bonus,w,Proxied,Non-foil,false,,,"Proxy","",52597,
"Mox Ruby",0,"Artifact",,"vma","8",bonus,r,Proxied,Non-foil,false,,,"Proxy","",53243,
"Mox Sapphire",0,"Artifact",,"vma","9",bonus,u,Proxied,Non-foil,false,,,"Proxy","",52919,
"Sensei's Divining Top",1,"Artifact",,"chk","268",uncommon,c,Owned,Non-foil,false,,,"","",21045,
"Skullclamp",1,"Artifact - Equipment",,"dst","140",uncommon,c,Owned,Non-foil,false,,,"","",20551,
"Sol Ring",1,"Artifact",,"c13","259",uncommon,c,Owned,Non-foil,false,,,"","",51096,
"Coldsteel Heart",2,"Snow Artifact",,"csp","136",uncommon,c,Owned,Non-foil,false,,,"","",24529,
"Grim Monolith",2,"Artifact",,"ulg","126",rare,c,Owned,Non-foil,false,,,"","",12551,
"Lightning Greaves",2,"Artifact - Equipment",,"mps","14",mythic,c,Premium Owned,Non-foil,false,,,"Foil, Promo","",62137,
"Mind Stone",2,"Artifact",,"dd2","22",uncommon,c,Owned,Non-foil,false,,,"","",31532,
"Prismatic Lens",2,"Artifact",,"tsp","262",common,c,Owned,Non-foil,false,,,"","",25793,
"Ratchet Bomb",2,"Artifact",,"som","196",rare,c,Owned,Non-foil,false,,,"","",38137,
"Scroll Rack",2,"Artifact",,"cm1","16",rare,c,Premium Owned,Foil,false,,,"Foil","",,
"Smuggler's Copter",2,"Artifact - Vehicle",,"kld","235",rare,c,Owned,Non-foil,false,,,"","",61797,
"Sorcerous Spyglass",2,"Artifact",,"xln","248",rare,c,Owned,Non-foil,false,,,"","",65522,
"Umezawa's Jitte",2,"Legendary Artifact - Equipment",,"bok","163",rare,c,Owned,Non-foil,false,,,"","",21603,
"Winter Orb",2,"Artifact",,"ema","234",rare,c,Owned,Non-foil,false,,,"","",60791,
"Chromatic Lantern",3,"Artifact",,"rtr","226",rare,c,Owned,Non-foil,false,,,"","",46783,
"Coalition Relic",3,"Artifact",,"dde","54",rare,c,Owned,Non-foil,false,,,"","",35493,
"Crucible of Worlds",3,"Artifact",,"5dn","114",rare,c,Owned,Non-foil,false,,,"","",20790,
"Crystal Shard",3,"Artifact",,"mrd","159",uncommon,u,Owned,Non-foil,false,,,"","",20007,
"Grafted Wargear",3,"Artifact - Equipment",,"5dn","126",uncommon,c,Owned,Non-foil,false,,,"","",20754,
"Scroll of Fate",3,"Artifact",,"c19","58",rare,c,Owned,Non-foil,false,,,"","",77170,
"Sword of Body and Mind",3,"Artifact - Equipment",,"2xm","363",mythic,c,Premium Owned,Foil,false,,,"Foil, Promo","",,
"Sword of Feast and Famine",3,"Artifact - Equipment",,"2xm","364",mythic,c,Premium Owned,Foil,false,,,"Foil","",,
"Sword of Fire and Ice",3,"Artifact - Equipment",,"2xm","365",mythic,c,Owned,Foil,false,,,"Foil","",,
"Sword of Sinew and Steel",3,"Artifact - Equipment",,"mh1","228",mythic,c,Owned,Non-foil,false,,,"","",72828,
"Tangle Wire",3,"Artifact",,"v13","8",mythic,c,Premium Owned,Foil,false,,,"Foil, Promo","",50053,
"Worn Powerstone",3,"Artifact",,"dde","24",uncommon,c,Owned,Non-foil,false,,,"","",35387,
"Erratic Portal",4,"Artifact",,"exo","132",rare,c,Owned,Non-foil,false,,,"","",10645,
"Fleetwheel Cruiser",4,"Artifact - Vehicle",,"kld","214",rare,c,Owned,Non-foil,false,,,"","",62071,
"Hedron Archive",4,"Artifact",,"bfz","223",uncommon,c,Owned,Non-foil,false,,,"","",58511,
"Icy Manipulator",4,"Artifact",,"mrd","186",uncommon,c,Owned,Non-foil,false,,,"","",20067,
"Smokestack",4,"Artifact",,"v14","11",mythic,c,Premium Owned,Foil,false,,,"Foil, Promo","",53941,
"Thran Dynamo",4,"Artifact",,"uds","139",uncommon,c,Owned,Non-foil,false,,,"","",12925,
"Batterskull",5,"Artifact - Equipment",,"nph","130",mythic,c,Owned,Non-foil,false,,,"","",39974,
"Gilded Lotus",5,"Artifact",,"mrd","175",rare,c,Owned,Non-foil,false,,,"","",20113,
"Memory Jar",5,"Artifact",,"v10","8",mythic,c,Premium Owned,Foil,false,,,"","",37629,
"Backup Plan",0,"Conspiracy",,"cns","2",rare,c,Owned,Non-foil,false,,,"New","",,
"Emissary's Ploy",0,"Conspiracy",,"cn2","4",rare,c,Owned,Non-foil,false,,,"New","",,
"Power Play",0,"Conspiracy",,"cns","8",uncommon,c,Owned,Non-foil,false,,,"New","",,
"Celestial Colonnade",0,"Land",WU,"pwwk","133",rare,l,Premium Owned,Foil,false,,,"Foil, Promo","",,
"Hallowed Fountain",0,"Land - Plains Island",WU,"rtr","241",rare,l,Owned,Non-foil,false,,,"","",46503,
"Tundra",0,"Land - Plains Island",WU,"3ed","289",rare,l,Owned,Non-foil,false,,,"WhiteBorder","",,
"Creeping Tar Pit",0,"Land",UB,"wwk","134",rare,l,Owned,Non-foil,false,,,"","",35657,
"Underground Sea",0,"Land - Island Swamp",UB,"vma","323",rare,l,Proxied,Non-foil,false,,,"Proxy","",53097,
"Watery Grave",0,"Land - Island Swamp",UB,"gtc","249",rare,l,Owned,Non-foil,false,,,"","",47471,
"Badlands",0,"Land - Swamp Mountain",BR,"3ed","282",rare,l,Owned,Non-foil,false,,,"WhiteBorder","",,
"Blood Crypt",0,"Land - Swamp Mountain",BR,"rtr","238",rare,l,Owned,Non-foil,false,,,"","",46505,
"Sulfurous Springs",0,"Land",BR,"5ed","424",rare,l,Owned,Non-foil,false,,,"WhiteBorder","",,
"Raging Ravine",0,"Land",RG,"wwk","141",rare,l,Owned,Non-foil,false,,,"","",35675,
"Stomping Ground",0,"Land - Mountain Forest",RG,"gtc","247",rare,l,Owned,Non-foil,false,,,"","",47803,
"Taiga",0,"Land - Mountain Forest",RG,"3ed","287",rare,l,Owned,Non-foil,false,,,"WhiteBorder","",,
"Horizon Canopy",0,"Land",WG,"ima","240",rare,l,Owned,Non-foil,false,,,"","",66359,
"Savannah",0,"Land - Forest Plains",WG,"3ed","285",rare,l,Owned,Non-foil,false,,,"WhiteBorder","",,
"Temple Garden",0,"Land - Forest Plains",WG,"rtr","248",rare,l,Owned,Non-foil,false,,,"","",46501,
"Godless Shrine",0,"Land - Plains Swamp",WB,"gtc","242",rare,l,Owned,Non-foil,false,,,"","",47453,
"Scrubland",0,"Land - Plains Swamp",WB,"3ed","286",rare,l,Owned,Non-foil,false,,,"WhiteBorder","",,
"Shambling Vent",0,"Land",WB,"bfz","244",rare,l,Owned,Non-foil,false,,,"","",58531,
"Silent Clearing",0,"Land",WB,"mh1","246",rare,l,Owned,Non-foil,false,,,"New","",72864,
"Bayou",0,"Land - Swamp Forest",BG,"vma","293",rare,Lands,Proxied,Non-foil,false,,,"Proxy","",53079,
"Llanowar Wastes",0,"Land",BG,"c19","258",rare,l,Not Owned,Non-foil,false,,,"New","",77638,
"Nurturing Peatland",0,"Land",BG,"mh1","243",rare,l,Owned,Non-foil,false,,,"New","",72858,
"Overgrown Tomb",0,"Land - Swamp Forest",BG,"rtr","243",rare,l,Owned,Non-foil,false,,,"","",46507,
"Breeding Pool",0,"Land - Forest Island",UG,"gtc","240",rare,l,Owned,Non-foil,false,,,"","",47475,
"Lumbering Falls",0,"Land",UG,"bfz","239",rare,l,Owned,Non-foil,false,,,"","",58529,
"Tropical Island",0,"Land - Forest Island",UG,"3ed","288",rare,l,Owned,Non-foil,false,,,"WhiteBorder","",,
"Waterlogged Grove",0,"Land",UG,"mh1","249",rare,l,Owned,Non-foil,false,,,"New","",72870,
"Fiery Islet",0,"Land",UR,"mh1","238",rare,l,Owned,Non-foil,false,,,"New","",72848,
"Steam Vents",0,"Land - Island Mountain",UR,"rtr","247",rare,l,Owned,Non-foil,false,,,"","",46805,
"Volcanic Island",0,"Land - Island Mountain",UR,"vma","324",rare,l,Proxied,Non-foil,false,,,"Proxy","",53099,
"Wandering Fumarole",0,"Land",UR,"ogw","182",rare,l,Owned,Non-foil,false,,,"","",59259,
"Inspiring Vantage",0,"Land",WR,"kld","246",rare,l,Owned,Non-foil,false,,,"","",61855,
"Plateau",0,"Land - Mountain Plains",WR,"3ed","284",rare,l,Owned,Non-foil,false,,,"WhiteBorder","",,
"Sacred Foundry",0,"Land - Mountain Plains",WR,"gtc","245",rare,l,Owned,Non-foil,false,,,"","",47815,
"Sunbaked Canyon",0,"Land",WR,"mh1","247",rare,l,Owned,Non-foil,false,,,"New","",72866,
"Indatha Triome",0,"Land - Plains Swamp Forest",WBG,"iko","248",rare,l,Owned,Non-foil,false,,,"","",80505,
"Raugrin Triome",0,"Land - Island Mountain Plains",WUR,"iko","251",rare,l,Owned,Non-foil,false,,,"","",80511,
"Zagoth Triome",0,"Land - Swamp Forest Island",UBG,"iko","259",rare,l,Owned,Non-foil,false,,,"","",80527,
"Savai Triome",0,"Land - Mountain Plains Swamp",WBR,"iko","253",rare,l,Owned,Non-foil,false,,,"","",80515,
"Ketria Triome",0,"Land - Forest Island Mountain",URG,"iko","250",rare,l,Owned,Non-foil,false,,,"","",80509,
"Ancient Tomb",0,"Land",,"tmp","315",uncommon,l,Owned,Non-foil,false,,,"New","",10043,
"Arid Mesa",0,"Land",,"zen","211",rare,l,Owned,Non-foil,false,,,"","",34414,
"Ash Barrens",0,"Land",,"c16","56",common,l,Owned,Non-foil,false,,,"New","",,
"Blast Zone",0,"Land",,"war","244",rare,l,Owned,Non-foil,false,,,"New","",72094,
"Bloodstained Mire",0,"Land",,"ktk","230",rare,l,Owned,Non-foil,false,,,"","",54198,
"City of Brass",0,"Land",,"mma","221",rare,l,Owned,Non-foil,false,,,"New","",48876,
"Dark Depths",0,"Legendary Snow Land",,"uma","241",mythic,l,Owned,Non-foil,false,,,"New","",70063,
"Dust Bowl",0,"Land",,"mmq","316",rare,l,Owned,Non-foil,false,,,"New","",13623,
"Fabled Passage",0,"Land",,"eld","244",rare,l,Not Owned,Non-foil,false,,,"New","",78634,
"Flooded Strand",0,"Land",,"ktk","233",rare,l,Premium Owned,Foil,false,,,"Foil","",54194,
"Gemstone Mine",0,"Land",,"tsb","119",special,l,Owned,Non-foil,false,,,"New","",26099,
"Karakas",0,"Legendary Land",,"uma","244",mythic,l,Owned,Non-foil,false,,,"","",70065,
"Library of Alexandria",0,"Land",,"prm","46940",rare,l,Proxied,Non-foil,false,,,"Proxy","",46940,
"Mana Confluence",0,"Land",,"jou","163",rare,l,Owned,Non-foil,false,,,"New","",52120,
"Marsh Flats",0,"Land",,"mm3","239",rare,l,Owned,Non-foil,false,,,"","",63201,
"Maze of Ith",0,"Land",,"drk","117",uncommon,l,Owned,Non-foil,false,,,"New","",,
"Mishra's Workshop",0,"Land",,"prm","46944",rare,l,Proxied,Non-foil,false,,,"","",46944,
"Misty Rainforest",0,"Land",,"zen","220",rare,l,Owned,Non-foil,false,,,"","",34622,
"Mutavault",0,"Land",,"mor","148",rare,l,Owned,Non-foil,false,,,"New","",29074,
"Polluted Delta",0,"Land",,"ktk","239",rare,l,Owned,Non-foil,false,,,"","",54196,
"Prismatic Vista",0,"Land",,"mh1","244",rare,l,Owned,Non-foil,false,,,"New","",72860,
"Reflecting Pool",0,"Land",,"shm","278",rare,l,Owned,Non-foil,false,,,"New","",29613,
"Rishadan Port",0,"Land",,"a25","246",rare,l,Owned,Non-foil,false,,,"New","",67406,
"Scalding Tarn",0,"Land",,"mm3","244",rare,l,Owned,Non-foil,false,,,"","",63197,
"Strip Mine",0,"Land",,"4ed","363",uncommon,l,Owned,Non-foil,false,,,"New, WhiteBorder","",,
"Thespian's Stage",0,"Land",,"gtc","248",rare,l,Owned,Non-foil,false,,,"New","",47805,
"Verdant Catacombs",0,"Land",,"zen","229",rare,l,Owned,Non-foil,false,,,"","",34704,
"Wasteland",0,"Land",,"ema","248",rare,l,Owned,Non-foil,false,,,"New","",60971,
"Windswept Heath",0,"Land",,"ktk","248",rare,l,Owned,Non-foil,false,,,"","",54202,
"Wooded Foothills",0,"Land",,"ktk","249",rare,l,Owned,Non-foil,false,,,"","",54200,
"Tectonic Giant",4,"Creature - Elemental Giant",R,"thb","158",rare,r,Owned,Non-foil,true,,,"","",79440,
"Dryad of the Ilysian Grove",3,"Enchantment Creature - Nymph Dryad",G,"thb","169",rare,g,Owned,Non-foil,true,,,"","",79462,
"Anje's Ravager",3,"Creature - Vampire Berserker",R,"c19","22",rare,r,Owned,Non-foil,true,,,"","",77098,
"Time Warp",5,"Sorcery",U,"tmp","97",rare,u,Owned,Non-foil,true,,,"","",9895,
"Great Oak Guardian",6,"Creature - Treefolk",G,"c19","170",uncommon,g,Owned,Non-foil,true,,,"","",77454,
"Spear of Heliod",3,"Legendary Enchantment Artifact",W,"ths","33",rare,w,Owned,Non-foil,true,,,"","",50404,
"Leonin Relic-Warder",2,"Creature - Cat Cleric",W,"c17","65",uncommon,w,Owned,Non-foil,true,,,"","",,
"Vizier of Remedies",2,"Creature - Human Cleric",W,"akh","38",uncommon,w,Owned,Non-foil,true,,,"","",63678,
"The Gitrog Monster",5,"Legendary Creature - Frog Horror",BG,"soi","245",mythic,m,Owned,Non-foil,true,,,"","",60004,
"Melira, Sylvok Outcast",2,"Legendary Creature - Human Scout",G,"nph","115",rare,g,Owned,Non-foil,true,,,"","",39688,
"Devoted Druid",2,"Creature - Elf Druid",G,"uma","162",uncommon,g,Owned,Non-foil,true,,,"","",70397,
"Spike Feeder",3,"Creature - Spike",G,"cmd","172",uncommon,g,Owned,Non-foil,true,,,"","",40485,
"Klothys, God of Destiny",3,"Legendary Enchantment Creature - God",GR,"thb","220",mythic,m,Owned,Non-foil,true,,,"","",79564,
"Collector Ouphe",2,"Creature - Ouphe",G,"mh1","158",rare,g,Owned,Non-foil,true,,,"","",72688,
"Null Rod",2,"Artifact",,"wth","154",rare,c,Owned,Non-foil,true,,,"","",9259,
"Ashen Rider",8,"Creature - Archon",BW,"ths","187",mythic,m,Owned,Non-foil,true,,,"","",50570,
"Krark, the Thumbless",2,"Legendary Creature - Goblin Wizard",R,"cmr","189",rare,r,Owned,Non-foil,true,,,"","",85160,
"Blackcleave Cliffs",0,"Land",BR,"som","224",rare,l,Owned,Non-foil,true,,,"","",38293,
"Seasoned Hallowblade",2,"Creature - Human Warrior",W,"m21","34",uncommon,w,Owned,Non-foil,true,,,"","",81295,
"Biogenic Ooze",5,"Creature - Ooze",G,"rna","122",mythic,g,Owned,Non-foil,true,,,"","",71244,
"Freyalise, Llanowar's Fury",5,"Legendary Planeswalker - Freyalise",G,"c14","43",mythic,g,Owned,Non-foil,true,,,"","",55203,
"Teferi, Time Raveler",3,"Legendary Planeswalker - Teferi",UW,"war","221",rare,m,Owned,Non-foil,true,,,"","",72048,
"Dragonlord Atarka",7,"Legendary Creature - Elder Dragon",GR,"dtk","216",mythic,m,Owned,Non-foil,true,,,"","",55976,
"Anguished Unmaking",3,"Instant",BW,"soi","242",rare,m,Owned,Non-foil,true,,,"","",60088,
"Stonecoil Serpent",0,"Artifact Creature - Snake",,"eld","235",rare,c,Owned,Non-foil,true,,,"","",78616,
"Ulamog, the Ceaseless Hunger",10,"Legendary Creature - Eldrazi",,"bfz","15",mythic,c,Owned,Non-foil,true,,,"","",58301,
"Blightsteel Colossus",12,"Artifact Creature - Golem",,"2xm","235",mythic,c,Owned,Non-foil,true,,,"","",82504,
"Field of Ruin",0,"Land",,"thb","242",uncommon,l,Owned,Non-foil,true,,,"","",79608,
"Felidar Guardian",4,"Creature - Cat Beast",W,"aer","19",uncommon,w,Owned,Non-foil,true,,,"","",62593,
"Glasspool Mimic",3,"Creature - Shapeshifter Rogue",U,"znr","60",rare,u,Owned,Non-foil,true,,,"","",83069,
"Spellseeker",3,"Creature - Human Wizard",U,"bbd","41",rare,u,Owned,Non-foil,true,,,"","",68810,
"Riftwing Cloudskate",5,"Creature - Illusion",U,"ddm","18",uncommon,u,Owned,Non-foil,true,,,"","",52534,
"High Tide",1,"Instant",U,"fem","18a",common,u,Owned,Non-foil,true,,,"","",,
"Daze",2,"Instant",U,"jvc","23",common,u,Owned,Non-foil,true,,,"","",,
"Force of Negation",3,"Instant",U,"mh1","52",rare,u,Owned,Non-foil,true,,,"","",72476,
"Viscera Seer",1,"Creature - Vampire Wizard",B,"fmb1","45",common,b,Owned,Non-foil,true,,,"","",,
"Putrid Imp",1,"Creature - Zombie Imp",B,"tor","77",common,b,Owned,Non-foil,true,,,"","",17167,
"Exhume",2,"Sorcery",B,"brb","24",common,b,Owned,Non-foil,true,,,"","",,
"Braids, Cabal Minion",4,"Legendary Creature - Human Minion",B,"ody","117",rare,b,Owned,Non-foil,true,,,"","",16749,
"Champion of the Parish",1,"Creature - Human Soldier",W,"ddq","4",rare,w,Owned,Non-foil,true,,,"","",,
"Thalia's Lieutenant",2,"Creature - Human Soldier",W,"c20","103",rare,w,Owned,Non-foil,true,,,"","",,
"Xathrid Necromancer",3,"Creature - Human Wizard",B,"m14","123",rare,b,Owned,Non-foil,true,,,"","",49469,
"Chandra, Acolyte of Flame",3,"Legendary Planeswalker - Chandra",R,"m20","126",rare,r,Owned,Non-foil,true,,,"","",73151,
"Terastodon",8,"Creature - Elephant",G,"cmr","438",rare,g,Owned,Non-foil,true,,,"","",85686,
"The Great Henge",9,"Legendary Artifact",G,"eld","161",mythic,g,Owned,Non-foil,true,,,"","",78460,
"Cruel Celebrant",2,"Creature - Vampire",BW,"war","188",uncommon,m,Owned,Non-foil,true,,,"","",71982,
"General Kudro of Drannith",3,"Legendary Creature - Human Soldier",BW,"iko","187",mythic,m,Owned,Non-foil,true,,,"","",80383,
"Thousand-Year Storm",6,"Enchantment",RU,"grn","207",mythic,m,Owned,Non-foil,true,,,"","",69787,
"Lord Windgrace",5,"Legendary Planeswalker - Windgrace",BGR,"c18","43",mythic,m,Owned,Non-foil,true,,,"","",,
"Shatterskull Smashing",2,"Sorcery",R,"znr","161",mythic,r,Owned,Non-foil,true,,,"","",83297,
"Agent of Treachery",7,"Creature - Human Rogue",U,"m20","43",rare,u,Owned,Non-foil,true,,,"","",72985,
"Chart a Course",2,"Sorcery",U,"jmp","142",uncommon,u,Owned,Non-foil,true,,,"","",,
"Impulse",2,"Instant",U,"btd","10",common,u,Owned,Non-foil,true,,,"","",,
"Thirst for Knowledge",3,"Instant",U,"mrd","53",uncommon,u,Owned,Non-foil,true,,,"","",19705,
"Watcher for Tomorrow",2,"Creature - Human Wizard",U,"mh1","76",uncommon,u,Owned,Non-foil,true,,,"","",72524,
"Winds of Abandon",2,"Sorcery",W,"plist","41",rare,w,Owned,Non-foil,true,,,"","",,
"Thraben Inspector",1,"Creature - Human Soldier",W,"2xm","35",common,w,Owned,Non-foil,true,,,"","",82104,
"Skymarcher Aspirant",1,"Creature - Vampire Soldier",W,"rix","21",uncommon,w,Owned,Non-foil,true,,,"","",66495,
"Ranger-Captain of Eos",3,"Creature - Human Soldier",W,"mh1","21",mythic,w,Owned,Non-foil,true,,,"","",72414,
"Giant Killer",1,"Creature - Human Peasant",W,"eld","14",rare,w,Owned,Non-foil,true,,,"","",78118,
"Tithe Taker",2,"Creature - Human Soldier",W,"rna","27",rare,w,Owned,Non-foil,true,,,"","",71054,
"Vryn Wingmare",3,"Creature - Pegasus",W,"m21","43",uncommon,w,Owned,Non-foil,true,,,"","",81313,
"Iona, Shield of Emeria",9,"Legendary Creature - Angel",W,"v15","9",mythic,w,Owned,Non-foil,true,,,"","",58921,
"Spell Pierce",1,"Instant",U,"mm3","51",common,u,Owned,Non-foil,true,,,"","",63191,
"The Mirari Conjecture",5,"Enchantment - Saga",U,"dom","57",rare,u,Owned,Non-foil,true,,,"","",67579,
"Kitesail Freebooter",2,"Creature - Human Pirate",B,"m21","107",uncommon,b,Owned,Non-foil,true,,,"","",81441,
"Sheoldred, Whispering One",7,"Legendary Creature - Praetor",B,"nph","73",mythic,b,Owned,Non-foil,true,,,"","",39746,
"Bomat Courier",1,"Artifact Creature - Construct",R,"kld","199",rare,r,Owned,Non-foil,true,,,"","",62075,
"Runaway Steam-Kin",2,"Creature - Elemental",R,"grn","115",rare,r,Owned,Non-foil,true,,,"","",69603,
"Past in Flames",4,"Sorcery",R,"isd","155",mythic,r,Owned,Non-foil,true,,,"","",42712,
"Beast Within",3,"Instant",G,"c20","168",uncommon,g,Owned,Non-foil,true,,,"","",,
"Nahiri, the Harbinger",4,"Legendary Planeswalker - Nahiri",RW,"med","WS7",mythic,m,Owned,Non-foil,true,,,"","",72196,
"Zuran Orb",0,"Artifact",,"v10","15",mythic,c,Owned,Non-foil,true,,,"","",37631,
"Corpse Knight",2,"Creature - Zombie Knight",BW,"m20","206",uncommon,m,Owned,Non-foil,true,,,"","",73311,
"Ancient Greenwarden",6,"Creature - Elemental",G,"znr","178",mythic,g,Owned,Non-foil,true,,,"","",83339,
"Force of Vigor",4,"Instant",G,"mh1","164",rare,g,Owned,Non-foil,true,,,"","",72700,
"Gaddock Teeg",2,"Legendary Creature - Kithkin Advisor",GW,"lrw","248",rare,m,Owned,Non-foil,true,,,"","",28445,
"Archon of Valor's Reach",6,"Creature - Archon",GW,"c20","202",rare,m,Owned,Non-foil,true,,,"","",,
"Graven Cairns",0,"Land",BR,"2xm","320",rare,l,Owned,Non-foil,true,,,"","",82674,
"Fetid Heath",0,"Land",BW,"eve","176",rare,l,Owned,Non-foil,true,,,"","",30114,
"Winota, Joiner of Forces",4,"Legendary Creature - Human Warrior",RW,"iko","216",mythic,m,Owned,Non-foil,true,,,"","",80441,
"Sphere of Resistance",2,"Artifact",,"exo","139",rare,c,Owned,Non-foil,true,,,"","",10629,
"Thorn of Amethyst",2,"Artifact",,"lrw","262",rare,c,Owned,Non-foil,true,,,"","",28433,
"Cindervines",2,"Enchantment",GR,"rna","161",rare,m,Owned,Non-foil,true,,,"","",71322,
"Murderous Redcap",4,"Creature - Goblin Assassin",BR,"mma","192",uncommon,m,Owned,Non-foil,true,,,"","",48766,
"Kroxa, Titan of Death's Hunger",2,"Legendary Creature - Elder Giant",BR,"thb","221",mythic,m,Owned,Non-foil,true,,,"","",79566,
"Vraska, Golgari Queen",4,"Legendary Planeswalker - Vraska",BG,"med","GR8",mythic,m,Owned,Non-foil,true,,,"","",69977,
"Saheeli Rai",3,"Legendary Planeswalker - Saheeli",RU,"kld","186",mythic,m,Owned,Non-foil,true,,,"","",61597,
"Bring to Light",5,"Sorcery",GU,"bfz","209",rare,m,Owned,Non-foil,true,,,"","",58573,
"Aesi, Tyrant of Gyre Strait",6,"Legendary Creature - Serpent",GU,"cmr","365",mythic,m,Owned,Non-foil,true,,,"","",85836,
"Butcher of the Horde",4,"Creature - Demon",BRW,"ktk","168",rare,m,Owned,Non-foil,true,,,"","",54182,
"Alesha, Who Smiles at Death",3,"Legendary Creature - Human Warrior",BRW,"c20","143",rare,m,Owned,Non-foil,true,,,"","",,
"Thopter Foundry",2,"Artifact",BUW,"2xm","222",uncommon,m,Owned,Non-foil,true,,,"","",82478,
"Sword of the Meek",2,"Artifact - Equipment",,"2xm","299",rare,c,Owned,Non-foil,true,,,"","",82632,
"Porcelain Legionnaire",3,"Artifact Creature - Soldier",W,"nph","19",common,w,Owned,Non-foil,true,,,"","",39834,
